{"cameraMode":{"drawMode":0,"name":"Shaded","section":"Shading Mode"},"sceneLighting":false,"audioPlay":false,"sceneViewState":{"m_AlwaysRefresh":false,"showFog":true,"showSkybox":false,"showFlares":true,"showImageEffects":true,"showParticleSystems":true,"showVisualEffectGraphs":true,"m_FxEnabled":true},"in2DMode":false,"pivot":{"x":-0.3733420670032501,"y":18.415481567382814,"z":-0.8683469295501709},"rotation":{"x":-0.09575743973255158,"y":-0.19518573582172395,"z":0.01915377378463745,"w":-0.9758940935134888},"size":0.994987964630127,"orthographic":false}