{"cameraMode":{"drawMode":0,"name":"Shaded","section":"Shading Mode"},"sceneLighting":false,"audioPlay":false,"sceneViewState":{"m_AlwaysRefresh":false,"showFog":true,"showSkybox":false,"showFlares":true,"showImageEffects":true,"showParticleSystems":true,"showVisualEffectGraphs":true,"m_FxEnabled":true},"in2DMode":false,"pivot":{"x":0.9395750164985657,"y":-0.2737189531326294,"z":-0.37288546562194826},"rotation":{"x":0.08346164971590042,"y":0.9165141582489014,"z":-0.27300089597702029,"w":0.280194491147995},"size":0.7898368239402771,"orthographic":false}