{"cameraMode":{"drawMode":0,"name":"Shaded","section":"Shading Mode"},"sceneLighting":false,"audioPlay":false,"sceneViewState":{"m_AlwaysRefresh":false,"showFog":true,"showSkybox":false,"showFlares":true,"showImageEffects":true,"showParticleSystems":true,"showVisualEffectGraphs":true,"m_FxEnabled":true},"in2DMode":false,"pivot":{"x":-0.2776870131492615,"y":19.650671005249025,"z":5.423573970794678},"rotation":{"x":0.06001373752951622,"y":0.8662804961204529,"z":-0.10736395418643952,"w":0.4841850697994232},"size":1.2247449159622193,"orthographic":false}