{"cameraMode":{"drawMode":0,"name":"Shaded","section":"Shading Mode"},"sceneLighting":false,"audioPlay":false,"sceneViewState":{"m_AlwaysRefresh":false,"showFog":true,"showSkybox":false,"showFlares":true,"showImageEffects":true,"showParticleSystems":true,"showVisualEffectGraphs":true,"m_FxEnabled":true},"in2DMode":false,"pivot":{"x":1.1504112482070923,"y":0.23068436980247498,"z":-0.3642665147781372},"rotation":{"x":0.06577979028224945,"y":0.7950029969215393,"z":-0.08765166997909546,"w":0.5966246128082275},"size":0.8944510817527771,"orthographic":false}