{"cameraMode":{"drawMode":0,"name":"Shaded","section":"Shading Mode"},"sceneLighting":false,"audioPlay":false,"sceneViewState":{"m_AlwaysRefresh":false,"showFog":true,"showSkybox":false,"showFlares":true,"showImageEffects":true,"showParticleSystems":true,"showVisualEffectGraphs":true,"m_FxEnabled":true},"in2DMode":false,"pivot":{"x":0.10739873349666596,"y":0.6352474689483643,"z":5.029994964599609},"rotation":{"x":0.04207957163453102,"y":-0.6930752396583557,"z":0.04059101641178131,"w":0.7184885144233704},"size":0.19730770587921143,"orthographic":false}