{"cameraMode":{"drawMode":0,"name":"Shaded","section":"Shading Mode"},"sceneLighting":false,"audioPlay":false,"sceneViewState":{"m_AlwaysRefresh":false,"showFog":true,"showSkybox":false,"showFlares":true,"showImageEffects":true,"showParticleSystems":true,"showVisualEffectGraphs":true,"m_FxEnabled":true},"in2DMode":false,"pivot":{"x":13.760419845581055,"y":9.191815376281739,"z":1.258473515510559},"rotation":{"x":-0.030649079009890558,"y":-0.6987791657447815,"z":0.029995489865541459,"w":-0.7140465378761292},"size":0.16430242359638215,"orthographic":true}