{"cameraMode":{"drawMode":0,"name":"Shaded","section":"Shading Mode"},"sceneLighting":false,"audioPlay":false,"sceneViewState":{"m_AlwaysRefresh":false,"showFog":true,"showSkybox":false,"showFlares":true,"showImageEffects":true,"showParticleSystems":true,"showVisualEffectGraphs":true,"m_FxEnabled":true},"in2DMode":false,"pivot":{"x":525.9822387695313,"y":332.6966857910156,"z":172.06631469726563},"rotation":{"x":-0.013809281401336193,"y":-0.0009026895859278739,"z":0.000011725182048394345,"w":-0.9999048113822937},"size":615.8334350585938,"orthographic":false}