{"cameraMode":{"drawMode":0,"name":"Shaded","section":"Shading Mode"},"sceneLighting":false,"audioPlay":false,"sceneViewState":{"m_AlwaysRefresh":false,"showFog":true,"showSkybox":false,"showFlares":true,"showImageEffects":true,"showParticleSystems":true,"showVisualEffectGraphs":true,"m_FxEnabled":true},"in2DMode":false,"pivot":{"x":0.48454034328460696,"y":0.1342703402042389,"z":0.47976869344711306},"rotation":{"x":-0.11596562713384628,"y":0.7463700771331787,"z":-0.13485246896743775,"w":-0.6412879824638367},"size":0.17227232456207276,"orthographic":false}