{"cameraMode":{"drawMode":0,"name":"Shaded","section":"Shading Mode"},"sceneLighting":false,"audioPlay":false,"sceneViewState":{"m_AlwaysRefresh":false,"showFog":true,"showSkybox":false,"showFlares":true,"showImageEffects":true,"showParticleSystems":true,"showVisualEffectGraphs":true,"m_FxEnabled":true},"in2DMode":false,"pivot":{"x":-0.1981194168329239,"y":-0.07002174109220505,"z":-0.07206523418426514},"rotation":{"x":-0.16722062230110169,"y":0.6738715767860413,"z":-0.16062812507152558,"w":-0.7015237212181091},"size":0.24240610003471375,"orthographic":true}