{"cameraMode":{"drawMode":0,"name":"Shaded","section":"Shading Mode"},"sceneLighting":false,"audioPlay":false,"sceneViewState":{"m_AlwaysRefresh":false,"showFog":true,"showSkybox":false,"showFlares":true,"showImageEffects":true,"showParticleSystems":true,"showVisualEffectGraphs":true,"m_FxEnabled":true},"in2DMode":false,"pivot":{"x":0.21465341746807099,"y":0.03009822405874729,"z":0.028054431080818178},"rotation":{"x":0.03130325302481651,"y":0.5843260288238525,"z":0.022720659151673318,"w":-0.8105905055999756},"size":0.012522378005087376,"orthographic":false}