{"cameraMode":{"drawMode":0,"name":"Shaded","section":"Shading Mode"},"sceneLighting":false,"audioPlay":false,"sceneViewState":{"m_AlwaysRefresh":false,"showFog":true,"showSkybox":false,"showFlares":true,"showImageEffects":true,"showParticleSystems":true,"showVisualEffectGraphs":true,"m_FxEnabled":true},"in2DMode":false,"pivot":{"x":0.6071058511734009,"y":0.03557756915688515,"z":-0.07977050542831421},"rotation":{"x":-0.0012234197929501534,"y":-0.5791656374931336,"z":-0.000868433911819011,"w":0.8152129054069519},"size":0.2568267583847046,"orthographic":false}