{"cameraMode":{"drawMode":0,"name":"Shaded","section":"Shading Mode"},"sceneLighting":false,"audioPlay":false,"sceneViewState":{"m_AlwaysRefresh":false,"showFog":true,"showSkybox":false,"showFlares":true,"showImageEffects":true,"showParticleSystems":true,"showVisualEffectGraphs":true,"m_FxEnabled":true},"in2DMode":false,"pivot":{"x":1.1288412809371949,"y":0.06861433386802674,"z":0.09029883146286011},"rotation":{"x":-0.06294127553701401,"y":-0.814653754234314,"z":0.08971993625164032,"w":-0.5696080923080444},"size":0.8032428622245789,"orthographic":false}