{"cameraMode":{"drawMode":0,"name":"Shaded","section":"Shading Mode"},"sceneLighting":false,"audioPlay":false,"sceneViewState":{"m_AlwaysRefresh":false,"showFog":true,"showSkybox":false,"showFlares":true,"showImageEffects":true,"showParticleSystems":true,"showVisualEffectGraphs":true,"m_FxEnabled":true},"in2DMode":false,"pivot":{"x":-0.0055572278797626499,"y":0.02399025857448578,"z":0.5445485711097717},"rotation":{"x":0.0615842379629612,"y":0.8521226644515991,"z":-0.10301495343446732,"w":0.5093998908996582},"size":0.639327883720398,"orthographic":false}