{"cameraMode":{"drawMode":0,"name":"Shaded","section":"Shading Mode"},"sceneLighting":false,"audioPlay":false,"sceneViewState":{"m_AlwaysRefresh":false,"showFog":true,"showSkybox":false,"showFlares":true,"showImageEffects":true,"showParticleSystems":true,"showVisualEffectGraphs":true,"m_FxEnabled":true},"in2DMode":false,"pivot":{"x":-0.058729637414216998,"y":0.059029821306467059,"z":0.06189686059951782},"rotation":{"x":0.016569849103689195,"y":-0.9825472831726074,"z":0.1080186665058136,"w":0.15061591565608979},"size":0.1868414282798767,"orthographic":false}