{"cameraMode":{"drawMode":0,"name":"Shaded","section":"Shading Mode"},"sceneLighting":false,"audioPlay":false,"sceneViewState":{"m_AlwaysRefresh":false,"showFog":true,"showSkybox":false,"showFlares":true,"showImageEffects":true,"showParticleSystems":true,"showVisualEffectGraphs":true,"m_FxEnabled":true},"in2DMode":false,"pivot":{"x":-0.5044949054718018,"y":10.169346809387207,"z":-0.22559066116809846},"rotation":{"x":-0.04826810956001282,"y":0.9239216446876526,"z":-0.12437278777360916,"w":-0.3585667610168457},"size":0.8701009750366211,"orthographic":false}