{"cameraMode":{"drawMode":0,"name":"Shaded","section":"Shading Mode"},"sceneLighting":false,"audioPlay":false,"sceneViewState":{"m_AlwaysRefresh":false,"showFog":true,"showSkybox":false,"showFlares":true,"showImageEffects":true,"showParticleSystems":true,"showVisualEffectGraphs":true,"m_FxEnabled":true},"in2DMode":false,"pivot":{"x":0.2672984004020691,"y":0.2246752381324768,"z":-0.07279080152511597},"rotation":{"x":0.13388025760650636,"y":-0.3358597159385681,"z":0.04829404875636101,"w":0.9310929775238037},"size":0.6484560966491699,"orthographic":false}