{"cameraMode":{"drawMode":0,"name":"Shaded","section":"Shading Mode"},"sceneLighting":false,"audioPlay":false,"sceneViewState":{"m_AlwaysRefresh":false,"showFog":true,"showSkybox":false,"showFlares":true,"showImageEffects":true,"showParticleSystems":true,"showVisualEffectGraphs":true,"m_FxEnabled":true},"in2DMode":false,"pivot":{"x":0.04293454438447952,"y":0.45887187123298647,"z":0.04332590103149414},"rotation":{"x":0.01768384501338005,"y":-0.02789744921028614,"z":-0.0004983955877833068,"w":-0.9994590282440186},"size":0.8660253882408142,"orthographic":false}