{"cameraMode":{"drawMode":0,"name":"Shaded","section":"Shading Mode"},"sceneLighting":false,"audioPlay":false,"sceneViewState":{"m_AlwaysRefresh":false,"showFog":true,"showSkybox":false,"showFlares":true,"showImageEffects":true,"showParticleSystems":true,"showVisualEffectGraphs":true,"m_FxEnabled":true},"in2DMode":false,"pivot":{"x":-0.030873797833919526,"y":0.08633731305599213,"z":0.12705788016319276},"rotation":{"x":-0.14808090031147004,"y":0.8504998683929443,"z":-0.32920175790786745,"w":-0.38256579637527468},"size":0.8660253882408142,"orthographic":false}