{"cameraMode":{"drawMode":0,"name":"Shaded","section":"Shading Mode"},"sceneLighting":false,"audioPlay":false,"sceneViewState":{"m_AlwaysRefresh":false,"showFog":true,"showSkybox":false,"showFlares":true,"showImageEffects":true,"showParticleSystems":true,"showVisualEffectGraphs":true,"m_FxEnabled":true},"in2DMode":false,"pivot":{"x":30.0601806640625,"y":10.479192733764649,"z":-14.471857070922852},"rotation":{"x":0.10530636459589005,"y":-0.35277074575424197,"z":0.03978341445326805,"w":0.9288872480392456},"size":1.1291000843048096,"orthographic":false}