{"cameraMode":{"drawMode":0,"name":"Shaded","section":"Shading Mode"},"sceneLighting":true,"audioPlay":false,"sceneViewState":{"m_AlwaysRefresh":false,"showFog":true,"showSkybox":true,"showFlares":true,"showImageEffects":true,"showParticleSystems":true,"showVisualEffectGraphs":true,"m_FxEnabled":true},"in2DMode":false,"pivot":{"x":15.403139114379883,"y":2.260972499847412,"z":-25.41852569580078},"rotation":{"x":-0.07454507797956467,"y":-0.43224048614501955,"z":0.03585435077548027,"w":-0.8979593515396118},"size":0.8219566345214844,"orthographic":false}