{"cameraMode":{"drawMode":0,"name":"Shaded","section":"Shading Mode"},"sceneLighting":false,"audioPlay":false,"sceneViewState":{"m_AlwaysRefresh":false,"showFog":true,"showSkybox":false,"showFlares":true,"showImageEffects":true,"showParticleSystems":true,"showVisualEffectGraphs":true,"m_FxEnabled":true},"in2DMode":false,"pivot":{"x":0.18933384120464326,"y":0.1535123884677887,"z":0.019899075850844384},"rotation":{"x":0.06102871149778366,"y":-0.666536808013916,"z":-0.054908283054828647,"w":-0.7409339547157288},"size":0.7542941570281982,"orthographic":false}