{"cameraMode":{"drawMode":0,"name":"Shaded","section":"Shading Mode"},"sceneLighting":false,"audioPlay":false,"sceneViewState":{"m_AlwaysRefresh":false,"showFog":true,"showSkybox":false,"showFlares":true,"showImageEffects":true,"showParticleSystems":true,"showVisualEffectGraphs":true,"m_FxEnabled":true},"in2DMode":false,"pivot":{"x":-2.2887797355651857,"y":9.812139511108399,"z":0.6872929334640503},"rotation":{"x":-0.040357090532779697,"y":0.6631318926811218,"z":-0.03583943843841553,"w":-0.7465447187423706},"size":1.493492603302002,"orthographic":true}