{"cameraMode":{"drawMode":0,"name":"Shaded","section":"Shading Mode"},"sceneLighting":false,"audioPlay":false,"sceneViewState":{"m_AlwaysRefresh":false,"showFog":true,"showSkybox":false,"showFlares":true,"showImageEffects":true,"showParticleSystems":true,"showVisualEffectGraphs":true,"m_FxEnabled":true},"in2DMode":false,"pivot":{"x":0.23805378377437592,"y":-0.046137452125549319,"z":0.09499764442443848},"rotation":{"x":0.28162458539009097,"y":0.15687648952007295,"z":-0.04672509804368019,"w":0.9454706311225891},"size":0.5120847225189209,"orthographic":false}