{"cameraMode":{"drawMode":0,"name":"Shaded","section":"Shading Mode"},"sceneLighting":false,"audioPlay":false,"sceneViewState":{"m_AlwaysRefresh":false,"showFog":true,"showSkybox":false,"showFlares":true,"showImageEffects":true,"showParticleSystems":true,"showVisualEffectGraphs":true,"m_FxEnabled":true},"in2DMode":false,"pivot":{"x":-0.12481343746185303,"y":0.7464436888694763,"z":-0.4517940282821655},"rotation":{"x":0.1466289609670639,"y":0.14631667733192445,"z":-0.021932635456323625,"w":0.9780648946762085},"size":0.9462909698486328,"orthographic":false}