{"cameraMode":{"drawMode":0,"name":"Shaded","section":"Shading Mode"},"sceneLighting":false,"audioPlay":false,"sceneViewState":{"m_AlwaysRefresh":false,"showFog":true,"showSkybox":false,"showFlares":true,"showImageEffects":true,"showParticleSystems":true,"showVisualEffectGraphs":true,"m_FxEnabled":true},"in2DMode":false,"pivot":{"x":3.129243850708008e-7,"y":0.1152723953127861,"z":4.440892098500626e-16},"rotation":{"x":0.00021517800632864237,"y":-0.9994392991065979,"z":0.032993119210004809,"w":0.0066060698591172699},"size":0.3193518817424774,"orthographic":false}