{"cameraMode":{"drawMode":0,"name":"Shaded","section":"Shading Mode"},"sceneLighting":true,"audioPlay":false,"sceneViewState":{"m_AlwaysRefresh":false,"showFog":true,"showSkybox":true,"showFlares":true,"showImageEffects":true,"showParticleSystems":true,"showVisualEffectGraphs":true,"m_FxEnabled":true},"in2DMode":false,"pivot":{"x":3.1264731884002687,"y":11.468990325927735,"z":-0.6852102875709534},"rotation":{"x":-0.13508985936641694,"y":0.5526760220527649,"z":-0.09135230630636215,"w":-0.8172853589057922},"size":0.08135870844125748,"orthographic":false}