{"cameraMode":{"drawMode":0,"name":"Shaded","section":"Shading Mode"},"sceneLighting":false,"audioPlay":false,"sceneViewState":{"m_AlwaysRefresh":false,"showFog":true,"showSkybox":false,"showFlares":true,"showImageEffects":true,"showParticleSystems":true,"showVisualEffectGraphs":true,"m_FxEnabled":true},"in2DMode":false,"pivot":{"x":-0.7252347469329834,"y":0.41497617959976199,"z":-0.16266566514968873},"rotation":{"x":-0.017924126237630845,"y":0.6752675175666809,"z":-0.016418734565377237,"w":-0.7371741533279419},"size":0.775421142578125,"orthographic":false}