{"cameraMode":{"drawMode":0,"name":"Shaded","section":"Shading Mode"},"sceneLighting":false,"audioPlay":false,"sceneViewState":{"m_AlwaysRefresh":false,"showFog":true,"showSkybox":false,"showFlares":true,"showImageEffects":true,"showParticleSystems":true,"showVisualEffectGraphs":true,"m_FxEnabled":true},"in2DMode":false,"pivot":{"x":-0.1351463347673416,"y":-0.9399346709251404,"z":-3.270487070083618},"rotation":{"x":0.00003118627500953153,"y":0.9922094941139221,"z":-0.1244826465845108,"w":0.00029789359541609883},"size":2.0222268104553224,"orthographic":false}