{"cameraMode":{"drawMode":0,"name":"Shaded","section":"Shading Mode"},"sceneLighting":false,"audioPlay":false,"sceneViewState":{"m_AlwaysRefresh":false,"showFog":true,"showSkybox":false,"showFlares":true,"showImageEffects":true,"showParticleSystems":true,"showVisualEffectGraphs":true,"m_FxEnabled":true},"in2DMode":false,"pivot":{"x":-0.010168453678488732,"y":0.03256668522953987,"z":-0.010187588632106781},"rotation":{"x":-0.04453367367386818,"y":-0.9481145143508911,"z":0.27500489354133608,"w":-0.15343232452869416},"size":0.038026344031095508,"orthographic":false}